<?xml version="1.0" encoding="UTF-8"?>
<beans xmlns="http://www.springframework.org/schema/beans"
	xmlns:xsi="http://www.w3.org/2001/XMLSchema-instance"
	xmlns:aop="http://www.springframework.org/schema/aop"
	xmlns:context="http://www.springframework.org/schema/context"
	xsi:schemaLocation="http://www.springframework.org/schema/beans http://www.springframework.org/schema/beans/spring-beans.xsd
		http://www.springframework.org/schema/context http://www.springframework.org/schema/context/spring-context-4.3.xsd
		http://www.springframework.org/schema/aop http://www.springframework.org/schema/aop/spring-aop-4.3.xsd">

	<context:component-scan base-package="org.tukorea.myweb.persistence"></context:component-scan>
	<context:component-scan base-package="org.tukorea.myweb.service"></context:component-scan>
	<context:component-scan base-package="org.tukorea.aop"></context:component-scan>
	<aop:aspectj-autoproxy></aop:aspectj-autoproxy>
	
	<bean id="dataSource" class="org.apache.commons.dbcp.BasicDataSource" destroy-method="close">
	    <property name="driverClassName" value="com.mysql.cj.jdbc.Driver" />
	    <property name="url" value="jdbc:mysql://127.0.0.1:3306/springdb?allowPublicKeyRetrieval=true&amp;useUnicode=true&amp;characterEncoding=utf8&amp;useSSL=false&amp;serverTimezone=UTC" />
	    <property name="username" value="spring" />
	    <property name="password" value="passwd" />
		<property name="maxActive" value="5" />
	</bean>    

   <bean id="transactionManager" class="org.springframework.jdbc.datasource.DataSourceTransactionManager">
        <property name="dataSource" ref="dataSource"></property>
   </bean>     

   <bean id="sqlSessionFactory" class="org.mybatis.spring.SqlSessionFactoryBean">
        <property name="dataSource" ref="dataSource"></property>
        <property name="configLocation" value="classpath:/mybatis-config.xml"></property>
 	    <property name="mapperLocations" value="classpath:mappers/*Mapper.xml"></property>
   </bean>
    
   <bean id="sqlSession" class="org.mybatis.spring.SqlSessionTemplate" destroy-method="clearCache">
        <constructor-arg name="sqlSessionFactory" ref="sqlSessionFactory"></constructor-arg>
   </bean>
	
</beans>
